Date,Close,High,Low,Open,Volume
2024-07-01,501.7793884277344,503.6684622749848,490.3355617817053,502.0478560452752,10328200
2024-07-02,506.5716857910156,507.5659383637164,496.57945957224564,497.88192801510917,7739500
2024-07-03,507.02899169921875,508.34141226916296,503.11163445819557,503.459628898402,6005600
2024-07-05,536.806884765625,537.7613890905714,508.659626943001,508.659626943001,21354100
2024-07-08,526.2777709960938,539.6902282867122,523.6231336593002,539.2328502639116,14917500
2024-07-09,526.9539184570312,534.3909090570122,525.1543235402414,530.6823659932838,8753200
2024-07-10,531.6168823242188,535.782802810221,525.3232468812585,527.7392732226358,10983300
2024-07-11,509.75323486328125,532.3824299623878,505.44810483400823,527.838689058538,16458300
2024-07-12,496.00274658203125,505.1697559706881,491.3894306970728,494.8991408562319,19750500
2024-07-15,493.3083190917969,503.7678443636743,490.53434614881763,495.7641239558454,12539200
2024-07-16,486.9749755859375,501.05359564218975,482.9979652991605,498.61766470466665,14075800
2024-07-17,459.334716796875,476.4159983287152,456.4812168894572,476.4159983287152,28076600
2024-07-18,473.11505126953125,476.48555141727223,461.8700580864728,472.2699305884637,19267200
2024-07-19,474.0497131347656,483.9126820908743,472.97590331818924,473.32389780212014,15149400
2024-07-22,484.5986633300781,489.23188362973013,481.1187795736259,483.78336899644364,12023100
2024-07-23,485.88128662109375,492.3737546328562,484.9168604229217,487.024670998181,9455500
2024-07-24,458.61883544921875,473.56244917033604,457.93279880328066,469.5953914420506,17649700
2024-07-25,450.8040771484375,460.88578278239254,440.10590941212183,460.5974713733936,18240500
2024-07-26,463.0234375,467.0700224305545,456.7795325266989,461.5320586336811,14222400
2024-07-29,463.0333251953125,471.23590835425637,462.34728854009927,467.1793714880281,11339600
2024-07-30,460.5278625488281,470.0130408141906,454.07517290776104,464.315962513696,11390400
2024-07-31,472.1009521484375,473.76136735309956,464.06740443244325,468.31285214220173,24285800
2024-08-01,494.8792724609375,524.1401187856688,489.27170365366396,518.0055973214868,43083100
2024-08-02,485.33447265625,498.2696781877349,473.4133634987111,486.18951531730556,24044700
2024-08-05,472.99578857421875,480.7012460328518,448.2090488117456,448.7559059334732,21396200
2024-08-06,491.2502136230469,499.6715335038331,475.8989526100752,476.24694705318433,20955000
2024-08-07,486.1099548339844,507.2179163887547,484.06176673048657,500.2382746300819,20105300
2024-08-08,506.7008972167969,507.028987185273,491.87658907027446,494.6406097563313,16156800
2024-08-09,514.794189453125,515.3609207187151,502.7935532579475,504.7919803564355,13696600
2024-08-12,512.984619140625,515.0427292166193,506.1739830538234,513.8893622667638,9767400
2024-08-13,525.5021362304688,528.4451451504856,515.1719000211043,517.0211949017895,13743800
2024-08-14,523.7324829101562,530.9308616621455,520.1233412991648,525.0249990881922,11444200
2024-08-15,534.2417602539062,536.667738996692,523.6728503857054,528.7335620768248,13482100
2024-08-16,524.3887329101562,530.5928599406125,521.6445857964466,528.8430261939557,14776700
2024-08-19,526.238037109375,528.6043024311272,519.7554908387405,523.8418543972291,9879700
2024-08-20,523.70263671875,528.0376240435813,522.8575463080886,525.3133210272216,7944400
2024-08-21,532.0841064453125,536.299787744821,523.9014283237659,524.1201954153424,13423300
2024-08-22,528.872802734375,541.1020981439891,525.5520328797932,533.9136709320021,15708300
2024-08-23,524.96533203125,536.7671046219766,522.0422271868836,533.834047542885,11323900
2024-08-26,518.1248779296875,524.9653402482775,511.99035675969463,524.5676149591942,9584000
2024-08-27,516.116455078125,520.9982688988101,512.3482599012927,515.9971496313474,6282700
2024-08-28,513.8098754882812,518.0951016645886,509.5047448414531,514.6947141610383,9106100
2024-08-29,515.2415161132812,524.169945083232,512.7161365376401,516.0667627034325,8317400
2024-08-30,518.3138427734375,520.5310067478107,512.2389736903795,518.3535910327766,9157500
2024-09-03,508.81866455078125,522.4697318344816,505.69669716450665,516.6533790353354,12459100
2024-09-04,509.79302978515625,513.6209384157157,501.17287738796614,503.161382437288,8335200
2024-09-05,513.889404296875,518.6320088026798,508.212230225459,508.7789615116668,8640900
2024-09-06,497.3946838378906,521.5649898617991,495.38630472485954,518.8804959933531,14744500
2024-09-09,501.88873291015625,508.3911224777812,499.1942867622704,503.25085399381305,11047800
2024-09-10,501.88873291015625,511.22474819910406,497.1560812540827,505.23935901338297,9899000
2024-09-11,508.8882751464844,510.1708694464899,492.75157549409465,504.096000860634,10782500
2024-09-12,522.5791015625,523.6827679826088,512.2587555239991,514.07825463183,11970500
2024-09-13,521.604736328125,524.5477455442109,514.1378904204591,517.3493672277767,10321400
2024-09-16,530.7208862304688,531.5368977015272,514.9170874723145,522.0227773558852,9527600
2024-09-17,533.7462158203125,539.4984461028365,528.0238099822781,535.02004153394,11690800
2024-09-18,535.368408203125,541.5884146634684,531.3378561652726,534.4926264341286,10323500
2024-09-19,556.4169311523438,559.3727101138928,543.8973445888765,547.360625106574,15647000
2024-09-20,558.6560668945312,561.790974396656,553.630313904446,557.3125698177632,22066800
2024-09-23,561.701416015625,571.2254976602934,559.7110138514457,566.7670162500528,12830700
2024-09-24,560.626708984375,565.0254812803894,551.5305554385482,563.960608707355,12993000
2024-09-25,565.582763671875,574.1116448246654,561.0147636623793,561.343197050028,16543400
2024-09-26,565.1150512695312,574.6291718932196,559.6513458984354,572.967142227921,14400800
2024-09-27,564.63720703125,568.1005477071013,561.8009085673148,567.3640479667661,9398400
2024-09-30,569.69287109375,571.9221116471715,562.0895207658488,564.9756280044119,12792300
2024-10-01,573.7035522460938,580.2420307996076,567.3641260621707,575.2063156344602,15259300
2024-10-02,570.0611572265625,573.2358512630743,566.6078384594379,572.1013073959746,6524700
2024-10-03,579.973388671875,580.5605233296984,566.0007257701127,567.4139551254736,11581000
2024-10-04,593.080078125,593.9856842958213,578.6397020969828,580.9286522167133,14169500
2024-10-07,581.9736938476562,600.0564797527886,581.2371940539072,595.3491375246505,12014200
2024-10-08,590.0447998046875,590.7115675395601,583.1579643993507,586.8601441089934,7857400
2024-10-09,587.6761474609375,591.53753216899,578.8188343358976,591.1394274753203,9529700
2024-10-10,581.0281982421875,587.3974479929923,579.7244874036023,584.7502401443048,7740400
2024-10-11,587.118896484375,588.3728595792917,579.9136502956993,582.0234717517561,8587100
2024-10-14,587.5866088867188,597.2201481215791,587.1288552616571,591.3683608695632,8252000
2024-10-15,583.45654296875,587.7756815393129,577.3559556315927,587.3278289153324,9564200
2024-10-16,574.0220336914062,579.2866865055009,571.2753296162662,578.6099570311397,11268400
2024-10-17,574.1613159179688,582.162710233978,572.4396375946716,580.5306267288739,8701200
2024-10-18,573.7035522460938,581.1675605388372,572.4894360534232,578.3113382248611,7694300
2024-10-21,572.3997192382812,574.4697541048039,566.3787659804298,573.2655998985788,8171900
2024-10-22,579.2169189453125,580.7296438381057,569.3743668983145,571.5339359680816,8544500
2024-10-23,560.98486328125,582.192594507908,559.8005716422192,577.1867042398765,14248400
2024-10-24,565.055419921875,566.1501170484813,558.82545010203,564.4085147838017,7184700
2024-10-25,570.4990234375,578.5004183141831,568.9763366172681,571.1757528879629,11337900
2024-10-28,575.3853759765625,580.9485762210542,571.3647858558778,579.2069744936249,10925100
2024-10-29,590.4329223632812,590.8210046180449,572.6387223000493,577.3659274017436,13019100
2024-10-30,588.9599609375,598.3148749725009,586.5515914382872,598.0958991586175,26864900
2024-10-31,564.856201171875,587.0690948039123,560.3081253081026,582.1925856019707,26838400
2024-11-01,564.4381713867188,570.9169396034644,559.8602710921074,564.886023984338,15303200
2024-11-04,557.9893188476562,565.9608889972419,555.2127297782872,561.392889439504,12064600
2024-11-05,569.682861328125,570.727810156648,563.9504942499769,564.5774756955396,9775400
2024-11-06,569.3047485351562,570.2502016811582,552.5057499508582,560.0493909181008,18305400
2024-11-07,588.8605346679688,591.9456339468819,572.4496773656942,574.1216080144851,14653700
2024-11-08,586.5117797851562,590.2536844943522,581.7149037111028,588.7011733753752,9415700
2024-11-11,580.3714599609375,584.1830975198795,573.7434467735926,583.5461541812385,10209100
2024-11-12,582.0134887695312,596.78223842264,577.5947936518803,585.7156075410013,16287700
2024-11-13,577.2166137695312,582.8295623160514,572.409775650482,579.8140739533536,10757600
2024-11-14,574.3901977539062,577.972957894817,570.2601499390961,574.2309923162492,11053700
2024-11-15,551.4210205078125,569.8222783942981,548.8533847643662,568.47872051752,17712900
2024-11-18,551.739501953125,557.2131078822542,547.4501877365338,554.3667866349945,14327300
2024-11-19,558.3974609375,558.7357953255338,547.9577494586872,549.2117126735113,9522400
2024-11-20,562.80615234375,563.6321255323566,551.5404684658788,560.2285547368579,9797300
2024-11-21,560.3877563476562,567.2645685130409,546.4150954692434,566.7868914718125,11154700
2024-11-22,556.4567260742188,561.1242213982047,551.9285734744715,560.8455359497274,9164000
2024-11-25,562.3980712890625,569.842216719163,553.7199469729902,559.4025063006017,13599800
2024-11-26,570.78759765625,574.7286157457173,562.4876547795837,563.2838034841143,10356600
2024-11-27,566.468505859375,572.220736911576,561.3929435568074,572.1312028238776,7200200
2024-11-29,571.5639038085938,575.6840509462676,564.179528644509,566.2694266604135,7130500
2024-12-02,589.985107421875,591.647076313865,572.8079260678282,574.7286569743601,12522400
2024-12-03,610.7052001953125,611.2525486705784,588.412670496105,592.144674748723,14907200
2024-12-04,610.8345336914062,614.8153379179051,602.1961350667218,610.0184615359037,14697000
2024-12-05,606.0076904296875,616.925076135134,604.1367078360672,614.1186022447034,8081200
2024-12-06,620.776611328125,626.7676806622193,605.609756240286,607.1721685184903,16935500
2024-12-09,610.6255493164062,623.3939965020669,603.2610368421125,620.9258564568023,11426000
2024-12-10,616.347900390625,622.5878301971734,609.7994606988705,614.5963368840676,10938900
2024-12-11,629.6437377929688,635.3363188855899,618.5472835041938,620.3784192599069,10837200
2024-12-12,627.7628173828125,633.6046423977135,624.2000415346207,628.4694319605399,7474700
2024-12-13,617.3729248046875,628.0514729907906,613.9295681709151,624.2099509122261,8453300
2024-12-16,621.7454833984375,628.6279045963112,616.1081279040426,627.4625362287662,10885600
2024-12-17,616.964599609375,629.842921517428,614.0761642573996,623.6676857660912,12897800
2024-12-18,594.8035888671875,624.8530103874069,593.9370703121472,618.5184399880585,17075500
2024-12-19,593.18994140625,609.0762128607613,592.6222119922495,607.9507237965355,14958100
2024-12-20,582.9113159179688,600.6999320026418,577.6822951429677,588.2200340310932,48989400
2024-12-23,597.4527587890625,598.6878543665819,583.9071336094576,587.2437214850165,10205800
2024-12-24,605.3213500976562,605.5603812991077,596.8852265249648,600.311421467438,4726100
2024-12-26,600.9389038085938,603.8771273499036,596.5465535400348,603.0603968908488,6081400
2024-12-27,597.4130859375,599.4449119716119,587.4430773536361,597.0146600682612,8084200
2024-12-30,588.8772583007812,594.5544919388965,583.239903719799,586.3972186440706,7025900
2024-12-31,583.170166015625,591.5963188432811,581.5167657457517,589.9031610994577,6019500
2025-01-02,596.8453369140625,602.4926617179121,585.470989976871,587.3633608157467,12682300
2025-01-03,602.2137451171875,607.0642784591316,594.026562777383,602.3432304664586,11436800
2025-01-06,627.6815795898438,628.4684006727375,603.1997902301983,609.384995443752,14560800
2025-01-07,615.4208374023438,629.5740132949604,605.7994061067093,629.175648227163,12071500
2025-01-08,608.2794189453125,613.976592361968,600.3811160103171,610.9487626580363,10085800
2025-01-10,613.3988647460938,627.3927055003096,594.9529163376031,607.592206559942,19256600
2025-01-13,605.8989868164062,606.5363830240626,596.058464764125,604.6738608485571,10785000
2025-01-14,591.8753051757812,603.0703790506547,586.198070906463,602.6520744429687,13598000
2025-01-15,614.65380859375,619.9724951874059,604.0762539890142,607.7714496616591,15524300
2025-01-16,608.857177734375,613.7874092447745,607.2735655613326,609.0563906745308,8355300
2025-01-17,610.3212280273438,622.4724249589239,601.2575575659065,621.5561185444549,17280600
2025-01-21,613.99658203125,619.0164197693068,606.5763408669152,615.3611025019545,11674000
2025-01-22,621.0083618164062,631.1676126122295,616.954619104307,620.8091489005574,12274000
2025-01-23,633.9066772460938,634.0560413523201,618.6678301446317,624.8529752907019,9910200
2025-01-24,644.9025268554688,649.3945139716581,631.6656574969397,633.8568781379164,19065300
2025-01-27,657.2431030273438,661.2171491316126,622.602055853139,624.1060315708714,28399200
2025-01-28,671.6351928710938,679.8522234062305,656.8345316694918,663.3384650183111,20950100
2025-01-29,673.78662109375,678.3283961259809,663.0098523603809,672.3025851139503,21377800
2025-01-30,684.254638671875,707.9495481611209,673.3981724899843,694.0354036840853,29322900
2025-01-31,686.4259033203125,702.4814799874082,682.8403138955325,688.2386375622425,19303900
2025-02-03,694.6728515625,701.1866947109021,672.5515846641146,673.2089204422564,21415700
2025-02-04,701.3759155273438,704.8818683424153,688.846170752285,699.6926666804768,13826300
2025-02-05,702.05322265625,715.270213081664,696.2166547369433,700.7384902909668,17778200
2025-02-06,709.144775390625,716.0271960756166,700.6887123835558,703.0592064230789,13080700
2025-02-07,711.6646118164062,722.1126813232647,708.9056620031818,713.9354687323457,16427100
2025-02-10,714.5331420898438,718.317944327383,708.4873917995161,715.688479736199,12904300
2025-02-11,716.9235229492188,720.7680830266086,707.2025161364162,710.4694377796111,12998000
2025-02-12,722.481201171875,724.1942984329098,709.7522441351978,712.4414664040551,12016500
2025-02-13,725.6485595703125,726.0868036941785,715.170579657767,718.6367143797072,12569100
2025-02-14,733.72607421875,737.9491204423847,722.7202448085826,723.2381862179419,16901200
2025-02-18,713.5072021484375,734.0547643922138,703.6168921972339,733.0587606413424,21938700
2025-02-19,700.9575805664062,704.1746532347755,692.6110642545813,701.2862180351365,17535500
2025-02-20,692.0632934570312,702.8101523617008,690.8680767624129,694.4935451126314,12587400
2025-02-21,680.818359375,701.057163114329,679.6331124665386,693.7963175740036,15660400
2025-02-24,665.4600830078125,684.5236120270697,659.8027882150541,683.5375779038759,15677000
2025-02-25,654.8724975585938,665.3305374435599,639.2949835590877,663.3086205526677,20579700
2025-02-26,671.0078125,680.2806060030118,655.3705397430182,657.0139704281752,14488700
2025-02-27,655.6095581054688,685.8980689317682,654.9422525540249,679.7228329637242,12500000
2025-02-28,665.52978515625,666.9540633677159,640.0320501051021,655.4103519906419,17534200
2025-03-03,652.4322509765625,678.5275616526835,648.2391140524159,670.9878058928375,10843800
2025-03-04,637.4425048828125,647.1535430431367,621.1578652073862,642.9304961748887,21495200
2025-03-05,653.8464965820312,656.8644168658496,635.1116700807822,638.4383490690062,13770000
2025-03-06,625.420654296875,647.9602249904791,621.6159125135576,645.4104577126469,13446500
2025-03-07,623.1597290039062,632.2532488274342,598.2098452417057,622.8709097782997,21375700
2025-03-10,595.600341796875,607.6719037832956,584.5247836759429,605.6400777825496,21999900
2025-03-11,603.2894287109375,612.4725537318918,590.9588979251555,592.6719951255427,17401500
2025-03-12,617.0841064453125,630.7990981033598,606.9148858522937,627.3828123944874,15747000
2025-03-13,588.2796630859375,618.0203201472846,584.1661627799172,617.7713192124952,16480300
2025-03-14,605.7103271484375,606.9664182577417,592.9302511563588,600.9252674163599,12364500
2025-03-17,603.0187377929688,611.1931864721827,596.1401729971761,605.5707735579393,15473900
2025-03-18,580.5487060546875,598.383078464701,572.8726427333062,598.1836883436283,20297700
2025-03-19,582.2435913085938,590.4779127315381,572.9825047893515,582.4629387558325,20537500
2025-03-20,584.177490234375,608.3022383482739,577.7076844207866,580.9475766447827,24336500
2025-03-21,594.3956298828125,595.6815960079244,579.1432258888485,581.6055148479699,25015900
2025-03-24,616.92529296875,620.6038191496141,610.2960116120224,613.0573552722462,15741300
2025-03-25,624.3621826171875,631.9086473292332,619.2481319746062,624.81079529283,15312500
2025-03-26,609.079833984375,624.8008087872727,604.7234295430264,622.9466079863333,12609800
2025-03-27,600.7059326171875,612.3396207064936,598.2336042918504,600.1277194388429,10436500
